1-Pentene;('air', 'low population density, long-term');kilogram
1-Pentene;('air', 'non-urban air or from high stacks');kilogram
1-Pentene;('air', 'urban air close to ground');kilogram
AOX, Adsorbable Organic Halogen as Cl;('water', 'surface water');kilogram
ATR BM + CCS (MDEA), 98 (average), with digestate incineration, 25 bar;CH;megajoule;Hydrogen, gaseous, 25 bar
ATR BM, with digestate incineration, 25 bar;CH;megajoule;Hydrogen, gaseous, 25 bar
ATR NG + CCS (MDEA), 98 (average), 25 bar;RER;megajoule;Hydrogen, gaseous, 25 bar
ATR NG, 25 bar;RER;megajoule;Hydrogen, gaseous, 25 bar
Acetaldehyde;('air',);kilogram
Acetaldehyde;('air', 'low population density, long-term');kilogram
Acetaldehyde;('air', 'non-urban air or from high stacks');kilogram
Acetaldehyde;('air', 'urban air close to ground');kilogram
Acetic acid;('air',);kilogram
Acetone;('air', 'low population density, long-term');kilogram
Acetone;('air', 'non-urban air or from high stacks');kilogram
Acetone;('air', 'urban air close to ground');kilogram
Acrolein;('air', 'low population density, long-term');kilogram
Acrolein;('air', 'non-urban air or from high stacks');kilogram
Acrolein;('air', 'urban air close to ground');kilogram
Aluminium;('water', 'surface water');kilogram
Ammonia;('air',);kilogram
Ammonia;('air', 'low population density, long-term');kilogram
Ammonia;('air', 'non-urban air or from high stacks');kilogram
Ammonia;('air', 'urban air close to ground');kilogram
Ancillary BoP;GLO;kilogram;Ancillary BoP
Anode;GLO;kilogram;Anode
Anode current collector, LFP;JP;kilogram;Anode current collector, LFP
Anode current collector, LTO;JP;kilogram;Anode current collector, LTO
Anode current collector, NCA;JP;kilogram;Anode current collector, NCA
Anode paste, LFP;JP;kilogram;Anode paste, LFP
Anode paste, LTO;JP;kilogram;Anode paste, LTO
Anode paste, NCA;JP;kilogram;Anode paste, NCA
Argon-40;('air',);kilogram
Arsenic;('air', 'low population density, long-term');kilogram
Arsenic;('air', 'non-urban air or from high stacks');kilogram
Arsenic;('air', 'urban air close to ground');kilogram
Arsenic, ion;('water', 'surface water');kilogram
BOD5, Biological Oxygen Demand;('water', 'surface water');kilogram
Barium;('water', 'surface water');kilogram
Battery BoP;GLO;kilogram;Battery BoP
Battery cell, LFP;GLO;kilogram;Battery cell
Battery cell, LTO;GLO;kilogram;Battery cell
Battery cell, NCA;GLO;kilogram;Battery cell
Battery cell, NMC-111;GLO;kilogram;Battery cell
Battery cell, NMC-622;GLO;kilogram;Battery cell
Battery management system;GLO;kilogram;Battery management system
Battery packaging;GLO;kilogram;Battery packaging
Battery retention;GLO;kilogram;Battery retention
Battery tray;GLO;kilogram;Battery tray
Benzaldehyde;('air', 'low population density, long-term');kilogram
Benzaldehyde;('air', 'non-urban air or from high stacks');kilogram
Benzaldehyde;('air', 'urban air close to ground');kilogram
Benzene;('air',);kilogram
Benzene;('air', 'low population density, long-term');kilogram
Benzene;('air', 'non-urban air or from high stacks');kilogram
Benzene;('air', 'urban air close to ground');kilogram
Benzo(a)pyrene;('air',);kilogram
Bimetallic busbars and washers;GLO;kilogram;Bimetallic busbars and washers
Biodiesel from algae;RER;kilogram;Biodiesel from algae
Biodiesel from cooking oil;RER;kilogram;Biodiesel from cooking oil
Biodiesel from palm oil;RER;kilogram;Biodiesel from palm oil
Biodiesel from rapeseed oil;RER;kilogram;Biodiesel from rapeseed oil
Biodiesel, from algae, at fuelling station;RER;kilogram;biodiesel, vehicle grade
Biodiesel, from palm oil, at fuelling station;RER;kilogram;biodiesel, vehicle grade
Biodiesel, from rapeseed oil, at fuelling station;RER;kilogram;biodiesel, vehicle grade
Biodiesel, from used cooking oil, at fuelling station;RER;kilogram;biodiesel, vehicle grade
Biomethane, gaseous, 5 bar, from sewage sludge fermentation, at fuelling station;RER;kilogram;biomethane, high pressure
Bipolar plate;GLO;kilowatt;Bipolar plate
Boron;('water', 'surface water');kilogram
Buffer tank;GLO;unit;Buffer tank
Butane;('air',);kilogram
Butane;('air', 'low population density, long-term');kilogram
Butane;('air', 'non-urban air or from high stacks');kilogram
Butane;('air', 'urban air close to ground');kilogram
CO2 storage/at H2 production plant, pre, pipeline 200km, storage 1000m;RER;kilogram;CO2 storage/at H2 production plant, pre, pipeline 200km, storage 1000m
COD, Chemical Oxygen Demand;('water', 'surface water');kilogram
Cadmium;('air', 'low population density, long-term');kilogram
Cadmium;('air', 'non-urban air or from high stacks');kilogram
Cadmium;('air', 'urban air close to ground');kilogram
Calcite, in ground;('natural resource', 'in ground');kilogram
Calcium;('soil', 'agricultural');kilogram
Calcium, ion;('water', 'ground-, long-term');kilogram
Calcium, ion;('water', 'surface water');kilogram
Carbon dioxide, fossil;('air',);kilogram
Carbon dioxide, fossil;('air', 'non-urban air or from high stacks');kilogram
Carbon dioxide, fossil;('air', 'urban air close to ground');kilogram
Carbon dioxide, from soil or biomass stock;('air',);kilogram
Carbon dioxide, from soil or biomass stock;('air', 'non-urban air or from high stacks');kilogram
Carbon dioxide, from soil or biomass stock;('air', 'urban air close to ground');kilogram
Carbon dioxide, in air;('natural resource', 'in air');kilogram
Carbon dioxide, non-fossil;('air',);kilogram
Carbon dioxide, non-fossil;('air', 'urban air close to ground');kilogram
Carbon dioxide, to soil or biomass stock;('soil',);kilogram
Carbon fiber, weaved, at factory;RER;kilogram;Carbon fiber, weaved
Carbon monoxide, fossil;('air',);kilogram
Carbon monoxide, fossil;('air', 'low population density, long-term');kilogram
Carbon monoxide, fossil;('air', 'non-urban air or from high stacks');kilogram
Carbon monoxide, fossil;('air', 'urban air close to ground');kilogram
Carbon monoxide, from RWGS;RER;kilogram;Carbon monoxide, from RWGS
Carbon monoxide, from soil or biomass stock;('air', 'non-urban air or from high stacks');kilogram
Carbon monoxide, non-fossil;('air',);kilogram
Carbon monoxide, non-fossil;('air', 'non-urban air or from high stacks');kilogram
Carbon monoxide, non-fossil;('air', 'urban air close to ground');kilogram
Carbon-14;('air', 'non-urban air or from high stacks');kilo Becquerel
Catalyst layer;GLO;kilowatt;Catalyst layer
Cathode;GLO;kilogram;Cathode
Cathode current collector, LFP;JP;kilogram;Cathode current collector, LFP
Cathode current collector, LTO;JP;kilogram;Cathode current collector, LTO
Cathode current collector, NCA;JP;kilogram;Cathode current collector, NCA
Cathode paste, LFP;JP;kilogram;Cathode paste, LFP
Cathode paste, NCA;JP;kilogram;Cathode paste, NCA
Cathode, NMC-622;GLO;kilogram;Cathode, NMC-622
Cell container;GLO;kilogram;Cell container
Chloride;('water', 'ground-');kilogram
Chloride;('water', 'ground-, long-term');kilogram
Chloride;('water', 'surface water');kilogram
Chromium;('air', 'low population density, long-term');kilogram
Chromium;('air', 'non-urban air or from high stacks');kilogram
Chromium;('air', 'urban air close to ground');kilogram
Chromium VI;('air', 'low population density, long-term');kilogram
Chromium VI;('air', 'non-urban air or from high stacks');kilogram
Chromium VI;('air', 'urban air close to ground');kilogram
Chromium, ion;('water', 'surface water');kilogram
Clamps and fasteners;GLO;kilogram;Clamps and fasteners
Clay, unspecified, in ground;('natural resource', 'in ground');kilogram
Coal, brown, in ground;('natural resource', 'in ground');kilogram
Coal, hard, unspecified, in ground;('natural resource', 'in ground');kilogram
Coating and curing, general manufacturing;GLO;square meter;Coating and curing, general manufacturing
Cobalt sulfate;GLO;kilogram;Cobalt sulfate
Cooling system;GLO;kilogram;Cooling system
Copper;('air', 'low population density, long-term');kilogram
Copper;('air', 'non-urban air or from high stacks');kilogram
Copper;('air', 'urban air close to ground');kilogram
Crude Palm Oil extraction from FFBs {RER} |oil mill|;RER;megajoule;Crude Palm Oil extraction from FFBs {RER} |oil mill|
Crude vegetable oil | oil mill: extraction of vegetable oil from rapeseed | Alloc Rec, U;RER;megajoule;Crude vegetable oil | oil mill: extraction of vegetable oil from rapeseed | Alloc Rec, U
Cyclohexane;('air', 'low population density, long-term');kilogram
Cyclohexane;('air', 'non-urban air or from high stacks');kilogram
Cyclohexane;('air', 'urban air close to ground');kilogram
DOC, Dissolved Organic Carbon;('water', 'surface water');kilogram
Diesel production, synthetic, Fischer Tropsch process, economic allocation;RER;kilogram;Diesel, synthetic
Diesel production, synthetic, Fischer Tropsch process, energy allocation;RER;kilogram;Diesel, synthetic
Dimethyl sulfoxide production (DMSO);RER;kilogram;Dimethyl sulfoxide
Dinitrogen monoxide;('air',);kilogram
Dinitrogen monoxide;('air', 'low population density, long-term');kilogram
Dinitrogen monoxide;('air', 'non-urban air or from high stacks');kilogram
Dinitrogen monoxide;('air', 'urban air close to ground');kilogram
Electrolyte;GLO;kilogram;Electrolyte
Electrolyte, LFP;JP;kilogram;Electrolyte, LFP
Electrolyte, LTO;JP;kilogram;Electrolyte, LTO
Electrolyte, NCA;JP;kilogram;Electrolyte, NCA
End plate;GLO;kilowatt;End plate
End-busbar aluminum;GLO;kilogram;End-busbar aluminum
End-busbar copper;GLO;kilogram;End-busbar copper
Energy, geothermal, converted;('natural resource', 'in ground');megajoule
Energy, gross calorific value, in biomass;('natural resource', 'biotic');megajoule
Energy, gross calorific value, in biomass, primary forest;('natural resource', 'biotic');megajoule
Energy, kinetic (in wind), converted;('natural resource', 'in air');megajoule
Energy, potential (in hydropower reservoir), converted;('natural resource', 'in water');megajoule
Essential BoP;GLO;kilogram;Essential BoP
Ethane;('air', 'low population density, long-term');kilogram
Ethane;('air', 'non-urban air or from high stacks');kilogram
Ethane;('air', 'urban air close to ground');kilogram
Ethane, 1,1,1,2-tetrafluoro-, HFC-134a;('air',);kilogram
Ethane, 1,2-dichloro-1,1,2,2-tetrafluoro-, CFC-114;('air', 'non-urban air or from high stacks');kilogram
Ethanol from forest residues;RER;kilogram;Ethanol from forest residues
Ethanol from maize starch;RER;kilogram;Ethanol from maize starch
Ethanol from sugarbeet;RER;kilogram;Ethanol from sugarbeet
Ethanol from wheat grains;RER;kilogram;Ethanol from wheat grains
Ethanol from wheat straw pellets;RER;kilogram;Ethanol from wheat straw pellets
Ethanol, from forest residues, at fuelling station;RER;kilogram;ethanol, without water, in 99.7% solution state, vehicle grade
Ethanol, from maize starch, at fuelling station;RER;kilogram;ethanol, without water, in 99.7% solution state, vehicle grade
Ethanol, from sugarbeet, at fuelling station;RER;kilogram;ethanol, without water, in 99.7% solution state, vehicle grade
Ethanol, from wheat grains, at fuelling station;RER;kilogram;ethanol, without water, in 99.7% solution state, vehicle grade
Ethanol, from wheat straw pellets, at fuelling station;RER;kilogram;ethanol, without water, in 99.7% solution state, vehicle grade
Ethene;('air', 'low population density, long-term');kilogram
Ethene;('air', 'non-urban air or from high stacks');kilogram
Ethene;('air', 'urban air close to ground');kilogram
Exhaust gas treatment 1;RER;kilogram;Exhaust gas treatment 1
Exhaust gas treatment 2;RER;kilogram;Exhaust gas treatment 2
Fiber carbonization (high temp);RER;kilogram;Carbonized fiber, high temp
Fiber carbonization (low temp);RER;kilogram;Carbonized fiber, low temp
Fiber coagulation;RER;kilogram;Coagulated fiber
Fiber drying;RER;kilogram;Dried fiber
Fiber drying 2;RER;kilogram;Dried fiber 2
Fiber drying 3;RER;kilogram;Dried fiber 3
Fiber electrolysis;RER;kilogram;Fiber electrolysis
Fiber relaxation;RER;kilogram;Relaxed fiber
Fiber sizing;RER;kilogram;Sized fiber
Fiber sizing 2;RER;kilogram;Resized fiber
Fiber sizing 3;RER;kilogram;Resized fiber
Fiber stabilization;RER;kilogram;Stabilized fiber
Fiber stretching and washing;RER;kilogram;Stretched and washed fiber
Fiber unwinding;RER;kilogram;Fiber unwinding
Fiber washing;RER;kilogram;Washed fiber
Fiber winding up;RER;kilogram;Fiber winding up
Fixed bed reactor for RWGS;RER;unit;Fixed bed reactor
Fluoride;('water', 'surface water');kilogram
Formaldehyde;('air',);kilogram
Formaldehyde;('air', 'low population density, long-term');kilogram
Formaldehyde;('air', 'non-urban air or from high stacks');kilogram
Formaldehyde;('air', 'urban air close to ground');kilogram
Fuel tank, compressed hydrogen gas, 700bar;GLO;kilogram;Fuel tank, compressed hydrogen gas, 700bar
Fuel tank, compressed hydrogen gas, 700bar, with HDPE liner;RER;kilogram;Hydrogen tank
Fuel tank, compressed hydrogen gas, 700bar, with aluminium liner;RER;kilogram;Hydrogen tank
Fuel tank, compressed natural gas, 200 bar;RER;kilogram;Fuel tank, compressed natural gas, 200 bar
Gangue, in ground;('natural resource', 'in ground');kilogram
Gas Diffusion Layer;GLO;kilowatt;Gas Diffusion Layer
Gas, mine, off-gas, process, coal mining;('natural resource', 'in ground');cubic meter
Gas, natural, in ground;('natural resource', 'in ground');cubic meter
Gas-to-liquid plant construction;GLO;unit;Gas-to-liquid plant
Glider lightweighting;GLO;kilogram;Glider lightweighting
Granite, in ground;('natural resource', 'in ground');kilogram
Gravel, in ground;('natural resource', 'in ground');kilogram
HDPE tank liner;RER;kilogram;HDPE tank liner
Heat transfer plate;GLO;kilogram;Heat transfer plate
Heat, waste;('air',);megajoule
Heat, waste;('air', 'non-urban air or from high stacks');megajoule
Heat, waste;('air', 'urban air close to ground');megajoule
Heat, waste;('water',);megajoule
Heat, waste;('water', 'ground-, long-term');megajoule
Heat, waste;('water', 'surface water');megajoule
Heptane;('air', 'low population density, long-term');kilogram
Heptane;('air', 'non-urban air or from high stacks');kilogram
Heptane;('air', 'urban air close to ground');kilogram
Hexane;('air', 'low population density, long-term');kilogram
Hexane;('air', 'non-urban air or from high stacks');kilogram
Hexane;('air', 'urban air close to ground');kilogram
High voltage system;GLO;kilogram;High voltage system
Hydrocarbons, aromatic;('water', 'surface water');kilogram
Hydrocarbons, chlorinated;('air', 'low population density, long-term');kilogram
Hydrocarbons, chlorinated;('air', 'non-urban air or from high stacks');kilogram
Hydrocarbons, chlorinated;('air', 'urban air close to ground');kilogram
Hydrogen chloride;('air', 'non-urban air or from high stacks');kilogram
Hydrogen refuelling station;GLO;unit;Hydrogen refuelling station
Hydrogen sulfide;('air',);kilogram
Hydrogen, gaseous, 25 bar, from electrolysis;RER;kilogram;Hydrogen, gaseous, 25 bar
Hydrogen, gaseous, 25 bar, from gasification of woody biomass in entrained flow gasifier, at gasification plant;CH;kilogram;Hydrogen, gaseous, 25 bar
Hydrogen, gaseous, 25 bar, from gasification of woody biomass in entrained flow gasifier, at gasification plant;RER;kilogram;Hydrogen, gaseous, 25 bar
Hydrogen, gaseous, 25 bar, from gasification of woody biomass in entrained flow gasifier, with CCS, at gasification plant;CH;kilogram;Hydrogen, gaseous, 25 bar
Hydrogen, gaseous, 25 bar, from gasification of woody biomass in entrained flow gasifier, with CCS, at gasification plant;RER;kilogram;Hydrogen, gaseous, 25 bar
Hydrogen, gaseous, 25 bar, from heatpipe reformer gasification of woody biomass with CCS, at gasification plant;CH;kilogram;Hydrogen, gaseous, 25 bar
Hydrogen, gaseous, 25 bar, from heatpipe reformer gasification of woody biomass with CCS, at gasification plant;RER;kilogram;Hydrogen, gaseous, 25 bar
Hydrogen, gaseous, 25 bar, from heatpipe reformer gasification of woody biomass, at gasification plant;CH;kilogram;Hydrogen, gaseous, 25 bar
Hydrogen, gaseous, 25 bar, from heatpipe reformer gasification of woody biomass, at gasification plant;RER;kilogram;Hydrogen, gaseous, 25 bar
Hydrogen, gaseous, 30 bar, from hard coal gasification and reforming, at coal gasification plant;RER;kilogram;Hydrogen, gaseous, 30 bar
Hydrogen, gaseous, 700 bar, ATR of NG, at fuelling station;RER;kilogram;Hydrogen, gaseous, 700 bar
Hydrogen, gaseous, 700 bar, ATR of NG, with CCS, at fuelling station;RER;kilogram;Hydrogen, gaseous, 700 bar
Hydrogen, gaseous, 700 bar, from ATR of biogas with CCS, at fuelling station;RER;kilogram;Hydrogen, gaseous, 700 bar
Hydrogen, gaseous, 700 bar, from ATR of biogas, at fuelling station;RER;kilogram;Hydrogen, gaseous, 700 bar
Hydrogen, gaseous, 700 bar, from SMR of NG, at fuelling station;RER;kilogram;Hydrogen, gaseous, 700 bar
Hydrogen, gaseous, 700 bar, from SMR of NG, with CCS, at fuelling station;RER;kilogram;Hydrogen, gaseous, 700 bar
Hydrogen, gaseous, 700 bar, from SMR of biogas with CCS, at fuelling station;RER;kilogram;Hydrogen, gaseous, 700 bar
Hydrogen, gaseous, 700 bar, from SMR of biogas, at fuelling station;RER;kilogram;Hydrogen, gaseous, 700 bar
Hydrogen, gaseous, 700 bar, from coal gasification, at fuelling station;RER;kilogram;Hydrogen, gaseous, 700 bar
Hydrogen, gaseous, 700 bar, from electrolysis, at fuelling station;RER;kilogram;Hydrogen, gaseous, 700 bar
Hydrogen, gaseous, 700 bar, from gasification of woody biomass in entrained flow gasifier, at fuelling station;RER;kilogram;Hydrogen, gaseous, 700 bar
Hydrogen, gaseous, 700 bar, from gasification of woody biomass in entrained flow gasifier, with CCS, at fuelling station;RER;kilogram;Hydrogen, gaseous, 700 bar
Hydrogen, gaseous, 700 bar, from heatpipe reformer gasification of woody biomass with CCS, at fuelling station;RER;kilogram;Hydrogen, gaseous, 700 bar
Hydrogen, gaseous, 700 bar, from heatpipe reformer gasification of woody biomass, at fuelling station;RER;kilogram;Hydrogen, gaseous, 700 bar
Hydrogen-3, Tritium;('air', 'non-urban air or from high stacks');kilo Becquerel
Hydrogen-3, Tritium;('water', 'ocean');kilo Becquerel
Hydrogen-3, Tritium;('water', 'surface water');kilo Becquerel
IBIS;GLO;kilogram;IBIS
IBIS fasteners;GLO;kilogram;IBIS fasteners
Inner frame;GLO;kilogram;Inner frame
Iron, in ground;('natural resource', 'in ground');kilogram
Iron, ion;('water',);kilogram
Iron, ion;('water', 'ground-, long-term');kilogram
Iron, ion;('water', 'surface water');kilogram
LTO electrode material (Li4Ti5O12);GLO;kilogram;LTO electrode material (Li4Ti5O12)
Lead;('air', 'low population density, long-term');kilogram
Lead;('air', 'non-urban air or from high stacks');kilogram
Lead;('air', 'urban air close to ground');kilogram
Lithium iron phosphate [LiFePO4];JP;kilogram;Lithium iron phosphate [LiFePO4]
Lithium, ion;('water',);kilogram
Low voltage system;GLO;kilogram;Low voltage system
Lower retention;GLO;kilogram;Lower retention
MEA hot pressing;GLO;kilogram;MEA hot pressing
Magnesium;('water', 'ground-, long-term');kilogram
Magnesium;('water', 'surface water');kilogram
Maize cultivation, drying and storage {RER} | Maize production Europe | Alloc Rec, U;RER;megajoule;Maize cultivation, drying and storage {RER} | Maize production Europe | Alloc Rec, U
Manganese;('water', 'surface water');kilogram
Manifolds;GLO;kilogram;Manifolds
Membrane;GLO;kilowatt;Membrane
Mercury;('air',);kilogram
Mercury;('air', 'low population density, long-term');kilogram
Mercury;('air', 'non-urban air or from high stacks');kilogram
Mercury;('air', 'urban air close to ground');kilogram
Methane production, synthetic, from electrochemical methanation;RER;kilogram;Methane, synthetic
Methane, bromochlorodifluoro-, Halon 1211;('air', 'non-urban air or from high stacks');kilogram
Methane, chlorodifluoro-, HCFC-22;('air', 'non-urban air or from high stacks');kilogram
Methane, dichloro-, HCC-30;('water', 'surface water');kilogram
Methane, fossil;('air',);kilogram
Methane, fossil;('air', 'low population density, long-term');kilogram
Methane, fossil;('air', 'non-urban air or from high stacks');kilogram
Methane, fossil;('air', 'urban air close to ground');kilogram
Methane, non-fossil;('air',);kilogram
Methane, non-fossil;('air', 'non-urban air or from high stacks');kilogram
Methane, non-fossil;('air', 'urban air close to ground');kilogram
Methane, synthetic, gaseous, 5 bar, from electrochemical methanation, at fuelling station;RER;kilogram;methane, high pressure
Methane, tetrafluoro-, R-14;('air',);kilogram
Methyl ethyl ketone;('air', 'low population density, long-term');kilogram
Methyl ethyl ketone;('air', 'non-urban air or from high stacks');kilogram
Methyl ethyl ketone;('air', 'urban air close to ground');kilogram
Module fasteners;GLO;kilogram;Module fasteners
Module lid;GLO;kilogram;Module lid
Module packaging;GLO;kilogram;Module packaging
Monoethanolamine;('air',);kilogram
Multilayer pouch;GLO;kilogram;Multilayer pouch
NCA electrode material (LiNi0.8Co0.15Al0.05O2);JP;kilogram;NCA electrode material (LiNi0.8Co0.15Al0.05O2)
NMVOC, non-methane volatile organic compounds, unspecified origin;('air',);kilogram
NMVOC, non-methane volatile organic compounds, unspecified origin;('air', 'low population density, long-term');kilogram
NMVOC, non-methane volatile organic compounds, unspecified origin;('air', 'non-urban air or from high stacks');kilogram
NMVOC, non-methane volatile organic compounds, unspecified origin;('air', 'urban air close to ground');kilogram
Negative current collector Cu;GLO;kilogram;Negative current collector Cu
Negative electrode paste;GLO;kilogram;Negative electrode paste
Ni1/3Co1/3Mn1/3(OH)2;GLO;kilogram;Ni1/3Co1/3Mn1/3(OH)2
Ni3/5Co1/5Mn1/5(OH)2;GLO;kilogram;Ni1/3Co1/3Mn1/3(OH)2
Nickel;('air', 'low population density, long-term');kilogram
Nickel;('air', 'non-urban air or from high stacks');kilogram
Nickel;('air', 'urban air close to ground');kilogram
Nitrogen;('air',);kilogram
Nitrogen oxides;('air',);kilogram
Nitrogen oxides;('air', 'low population density, long-term');kilogram
Nitrogen oxides;('air', 'non-urban air or from high stacks');kilogram
Nitrogen oxides;('air', 'urban air close to ground');kilogram
Noble gases, radioactive, unspecified;('air', 'non-urban air or from high stacks');kilo Becquerel
Occupation, annual crop;('natural resource', 'land');square meter-year
Occupation, annual crop, non-irrigated, intensive;('natural resource', 'land');square meter-year
Occupation, construction site;('natural resource', 'land');square meter-year
Occupation, dump site;('natural resource', 'land');square meter-year
Occupation, forest, extensive;('natural resource', 'land');square meter-year
Occupation, forest, intensive;('natural resource', 'land');square meter-year
Occupation, industrial area;('natural resource', 'land');square meter-year
Occupation, mineral extraction site;('natural resource', 'land');square meter-year
Occupation, traffic area, rail/road embankment;('natural resource', 'land');square meter-year
Occupation, traffic area, road network;('natural resource', 'land');square meter-year
Oil Palm Tree Cultivation {RER} | Fresh Fruit Bunches (FFBs) production | Alloc Rec, U;RER;megajoule;Oil Palm Tree Cultivation {RER} | Fresh Fruit Bunches (FFBs) production | Alloc Rec, U
Oil, crude, in ground;('natural resource', 'in ground');kilogram
Outer frame;GLO;kilogram;Outer frame
Oxygen;('natural resource', 'in air');kilogram
Ozone;('air',);kilogram
PAH, polycyclic aromatic hydrocarbons;('air',);kilogram
PAH, polycyclic aromatic hydrocarbons;('air', 'low population density, long-term');kilogram
PAH, polycyclic aromatic hydrocarbons;('air', 'non-urban air or from high stacks');kilogram
PAH, polycyclic aromatic hydrocarbons;('air', 'urban air close to ground');kilogram
PEM Fuel Cell;GLO;kilowatt;PEM Fuel Cell
PEM electrolyzer, ACDC Converter;GLO;unit;PEM electrolyzer, ACDC Converter
PEM electrolyzer, Balance of Plant;GLO;unit;PEM electrolyzer, Balance of Plant
PEM electrolyzer, Operation and Maintenance;RER;hour;PEM electrolyzer, Operation and Maintenance
PEM electrolyzer, Stack;GLO;unit;PEM electrolyzer, Stack
Particulates, < 2.5 um;('air',);kilogram
Particulates, < 2.5 um;('air', 'low population density, long-term');kilogram
Particulates, < 2.5 um;('air', 'non-urban air or from high stacks');kilogram
Particulates, < 2.5 um;('air', 'urban air close to ground');kilogram
Particulates, > 10 um;('air', 'non-urban air or from high stacks');kilogram
Pentane;('air',);kilogram
Pentane;('air', 'low population density, long-term');kilogram
Pentane;('air', 'non-urban air or from high stacks');kilogram
Pentane;('air', 'urban air close to ground');kilogram
Phosphate;('water',);kilogram
Phosphate;('water', 'ground-, long-term');kilogram
Phosphorus;('water', 'surface water');kilogram
Pipe fitting;GLO;kilogram;Pipe fitting
Plant oil from crude oil | refining of vegetable oil from oil palm|;RER;megajoule;Plant oil from crude oil | refining of vegetable oil from oil palm|
Plant oil production | refining of crude vegetable oil from rapeseed| Alloc Rec, U;RER;megajoule;Plant oil production | refining of crude vegetable oil from rapeseed| Alloc Rec, U
Polyacrylonitrile production (PAN) by polymerisation;RER;kilogram;Polyacrylonitrile
Positive active material, NMC-111;GLO;kilogram;Positive active material
Positive active material, NMC-622;GLO;kilogram;Positive active material
Positive current collector Al;GLO;kilogram;Positive current collector Al
Positive electrode paste, NMC-111;GLO;kilogram;Positive electrode paste
Positive electrode paste, NMC-622;GLO;kilogram;Positive electrode paste
Potassium, ion;('water', 'ground-, long-term');kilogram
Potassium, ion;('water', 'surface water');kilogram
Propane;('air',);kilogram
Propane;('air', 'low population density, long-term');kilogram
Propane;('air', 'non-urban air or from high stacks');kilogram
Propane;('air', 'urban air close to ground');kilogram
Propene;('air', 'low population density, long-term');kilogram
Propene;('air', 'non-urban air or from high stacks');kilogram
Propene;('air', 'urban air close to ground');kilogram
Propionic acid;('air',);kilogram
RWGS catalyst;RER;kilogram;RWGS catalyst
Radiator;GLO;kilogram;Radiator
Radon-220;('air', 'non-urban air or from high stacks');kilo Becquerel
Radon-222;('air', 'low population density, long-term');kilo Becquerel
Radon-222;('air', 'non-urban air or from high stacks');kilo Becquerel
Rapeseed cultivation {RER} | rapeseed production Europe | Alloc Rec, U;RER;megajoule;Rapeseed cultivation {RER} | rapeseed production Europe | Alloc Rec, U
Refined Waste Cooking Oil {RER} | Refining of waste cooking oil Europe | Alloc Rec, U;RER;megajoule;Refined Waste Cooking Oil {RER} | Refining of waste cooking oil Europe | Alloc Rec, U
SMR BM, HT+LT, + CCS (MDEA), 98 (average), digestate incineration, 26 bar;CH;megajoule;Hydrogen, gaseous, 26 bar
SMR BM, HT+LT, with digestate incineration, 26 bar;CH;megajoule;Hydrogen, gaseous, 26 bar
SMR NG + CCS (MDEA), 98 (average), 25 bar;CH;megajoule;Hydrogen, gaseous, 25 bar
SMR NG + CCS (MDEA), 98 (average), 700 bar;CH;kilogram;SMR NG + CCS, 700 bar
SMR NG, 25 bar;CH;megajoule;SMR NG, 25 bar
SMR NG, 700 bar;CH;kilogram;SMR NG, 700 bar
Sabatier reaction methanation unit;RER;unit;Sabatier reaction methanation unit
Sand, unspecified, in ground;('natural resource', 'in ground');kilogram
Selective coating, sputtering;GLO;square meter;Selective coating, sputtering
Selenium;('air', 'low population density, long-term');kilogram
Selenium;('air', 'non-urban air or from high stacks');kilogram
Selenium;('air', 'urban air close to ground');kilogram
Separator;GLO;kilogram;Separator
Separator, LFP;JP;kilogram;Separator, LFP
Separator, NCA;JP;kilogram;Separator, NCA
Shale, in ground;('natural resource', 'in ground');kilogram
Silicon;('water', 'ground-, long-term');kilogram
Silicon;('water', 'surface water');kilogram
Sodium chloride, in ground;('natural resource', 'in ground');kilogram
Sodium, ion;('water', 'ground-, long-term');kilogram
Sodium, ion;('water', 'surface water');kilogram
Spinning dope;RER;kilogram;Spinning dope
Stack;GLO;kilowatt;Stack
Strap retention;GLO;kilogram;Strap retention
Straw bales | baling of straw;RER;megajoule;Straw bales | baling of straw
Strontium;('water', 'surface water');kilogram
Styrene;('air', 'low population density, long-term');kilogram
Styrene;('air', 'non-urban air or from high stacks');kilogram
Styrene;('air', 'urban air close to ground');kilogram
Sugar beet cultivation {RER} | sugar beet production Europe | Alloc Rec, U;RER;megajoule;Sugar beet cultivation {RER} | sugar beet production Europe | Alloc Rec, U
Sulfate;('water',);kilogram
Sulfate;('water', 'ground-');kilogram
Sulfate;('water', 'ground-, long-term');kilogram
Sulfate;('water', 'surface water');kilogram
Sulfur;('water', 'surface water');kilogram
Sulfur dioxide;('air',);kilogram
Sulfur dioxide;('air', 'low population density, long-term');kilogram
Sulfur dioxide;('air', 'non-urban air or from high stacks');kilogram
Sulfur dioxide;('air', 'urban air close to ground');kilogram
Sulfur hexafluoride;('air',);kilogram
Syngas, RWGS, Production;RER;kilogram;Syngas, RWGS, Production
TOC, Total Organic Carbon;('water', 'surface water');kilogram
Tab Aluminum;GLO;kilogram;Tab Aluminum
Tab Copper;GLO;kilogram;Tab Copper
Thermal pad;GLO;kilogram;Thermal pad
Tie-rods;GLO;kilogram;Tie-rods
Toluene;('air',);kilogram
Toluene;('air', 'low population density, long-term');kilogram
Toluene;('air', 'non-urban air or from high stacks');kilogram
Toluene;('air', 'urban air close to ground');kilogram
Transformation, from annual crop;('natural resource', 'land');square meter
Transformation, from forest, extensive;('natural resource', 'land');square meter
Transformation, from forest, intensive;('natural resource', 'land');square meter
Transformation, from forest, unspecified;('natural resource', 'land');square meter
Transformation, from traffic area, rail/road embankment;('natural resource', 'land');square meter
Transformation, to annual crop, non-irrigated, intensive;('natural resource', 'land');square meter
Transformation, to forest, extensive;('natural resource', 'land');square meter
Transformation, to forest, intensive;('natural resource', 'land');square meter
Transformation, to heterogeneous, agricultural;('natural resource', 'land');square meter
Transformation, to traffic area, rail/road embankment;('natural resource', 'land');square meter
Tray lid;GLO;kilogram;Tray lid
Tray seal;GLO;kilogram;Tray seal
Tray with fasteners;GLO;kilogram;Tray with fasteners
Volume occupied, reservoir;('natural resource', 'in water');cubic meter-year
Walls and foundations, for hydrogen refuelling station;RER;unit;Walls and foundations, for hydrogen refuelling station
Waste Cooking Oil;RER;megajoule;Waste Cooking Oil
Water;('air',);cubic meter
Water;('water',);cubic meter
Water, cooling, unspecified natural origin;('natural resource', 'in water');cubic meter
Water, river;('natural resource', 'in water');cubic meter
Water, turbine use, unspecified natural origin;('natural resource', 'in water');cubic meter
Water, unspecified natural origin;('natural resource', 'in water');cubic meter
Water, well, in ground;('natural resource', 'in water');cubic meter
Wheat grain cultivation, drying and storage {RER} | wheat grain production Europe | Alloc Rec, U;RER;megajoule;Wheat grain cultivation, drying and storage {RER} | wheat grain production Europe | Alloc Rec, U
Wood, hard, standing;('natural resource', 'biotic');cubic meter
Wood, soft, standing;('natural resource', 'biotic');cubic meter
Xenon-133;('air', 'non-urban air or from high stacks');kilo Becquerel
Xenon-135;('air', 'non-urban air or from high stacks');kilo Becquerel
Xylene;('air', 'low population density, long-term');kilogram
Xylene;('air', 'non-urban air or from high stacks');kilogram
Xylene;('air', 'urban air close to ground');kilogram
Zinc;('air', 'low population density, long-term');kilogram
Zinc;('air', 'non-urban air or from high stacks');kilogram
Zinc;('air', 'urban air close to ground');kilogram
Zinc, ion;('water', 'surface water');kilogram
activated bentonite production;DE;kilogram;activated bentonite
activated silica production;GLO;kilogram;activated silica
adsorption and desorption unit, carbon dioxide capture process;RER;unit;adsorption and desorption unit, carbon dioxide capture process
air separation, cryogenic;RER;kilogram;nitrogen, liquid
air separation, cryogenic;RoW;kilogram;oxygen, liquid
algae cultivation | algae broth production;RER;kilogram;algae cultivation | algae broth production
algae harvesting| dry algae production;RER;kilogram;algae harvesting| dry algae production
aluminium hydroxide production;CN;kilogram;aluminium hydroxide
aluminium ingot, primary, to aluminium, wrought alloy market;GLO;kilogram;aluminium, wrought alloy
aluminium production, primary, ingot;IAI Area, Asia, without China and GCC;kilogram;aluminium, primary, ingot
aluminium production, primary, ingot;IAI Area, EU27 & EFTA;kilogram;aluminium, primary, ingot
anode production, graphite, for lithium-ion battery;RoW;kilogram;anode, graphite, for lithium-ion battery
argon production, liquid;RoW;kilogram;argon, liquid
barite production;RER;kilogram;barite
biogas upgrading - sewage sludge - amine scrubbing - best;RER;kilogram;biogas upgrading - sewage sludge - amine scrubbing - best
biomethane from biogas upgrading - biowaste - amine scrubbing;CH;kilogram;biomethane
carbon black production;GLO;kilogram;carbon black
carbon dioxide capture system;RER;unit;carbon dioxide capture system
carbon dioxide, captured from atmosphere;RER;kilogram;carbon dioxide, captured from the atmosphere
cast iron production;RoW;kilogram;cast iron
cement production, Portland;EUR;kilogram;cement, Portland
chemical factory construction, organics;RER;unit;chemical factory, organics
chemical factory construction, organics;RoW;unit;chemical factory, organics
cobalt production;GLO;kilogram;cobalt
computer production, desktop, without screen;GLO;unit;computer, desktop, without screen
container, with pipes and fittings, for diaphragm compressor;GLO;unit;container, with pipes and fittings, for diaphragm compressor
control panel, carbon dioxide capture process;RER;unit;control panel, carbon dioxide capture process
cooling unit, carbon dioxide capture process;RER;unit;cooling unit, carbon dioxide capture process
delimbing, with excavator-based processor;RER;hour;delimbing/sorting, excavator-based processor
diaphragm compressor module, high pressure;GLO;unit;diaphragm compressor module, high pressure
diaphragms, for diaphragm compressor;GLO;unit;diaphragms, for diaphragm compressor
diesel production, synthetic, from electrolysis-based hydrogen, economic allocation, at fuelling station;RER;kilogram;diesel, synthetic, vehicle grade
diesel production, synthetic, from electrolysis-based hydrogen, energy allocation, at fuelling station;RER;kilogram;diesel, synthetic, vehicle grade
diesel, burned in building machine;GLO;megajoule;diesel, burned in building machine
diesel, burned in diesel-electric generating set, 18.5kW;GLO;megajoule;diesel, burned in diesel-electric generating set, 18.5kW
distribution network construction, electricity, low voltage;CH;kilometer;distribution network, electricity, low voltage
drawing of pipe, steel;RER;kilogram;drawing of pipe, steel
drilling, deep borehole/m;RER;meter;drilling, deep borehole/m
electricity production, at BIGCC power plant 450MW, pre, pipeline 200km, storage 1000m;RER;kilowatt hour;electricity, high voltage
electricity production, at power plant/biogas, post, pipeline 200km, storage 1000m;RER;kilowatt hour;electricity, high voltage
electricity production, at power plant/hard coal, post, pipeline 200km, storage 1000m;RER;kilowatt hour;electricity, high voltage
electricity production, at power plant/natural gas, post, pipeline 200km, storage 1000m;RER;kilowatt hour;electricity, high voltage
electricity production, at wood burning power plant 20 MW, truck 25km, post, pipeline 200km, storage 1000m;RER;kilowatt hour;electricity, high voltage
electricity production, deep geothermal;DE;kilowatt hour;electricity, high voltage
electricity production, hard coal;DE;kilowatt hour;electricity, high voltage
electricity production, hydro, run-of-river;DE;kilowatt hour;electricity, high voltage
electricity production, natural gas, conventional power plant;DE;kilowatt hour;electricity, high voltage
electricity production, nuclear, pressure water reactor;DE;kilowatt hour;electricity, high voltage
electricity production, oil;DE;kilowatt hour;electricity, high voltage
electricity production, photovoltaic, 3kWp slanted-roof installation, multi-Si, panel, mounted;DE;kilowatt hour;electricity, low voltage
electricity production, wind, 1-3MW turbine, onshore;DE;kilowatt hour;electricity, high voltage
electronics production, for control units;RER;kilogram;electronics, for control units
electronics production, for control units;RoW;kilogram;electronics, for control units
epoxy resin production, liquid;RER;kilogram;epoxy resin, liquid
epoxy resin production, liquid;RoW;kilogram;epoxy resin, liquid
ethanol without biogas;RER;megajoule;ethanol without biogas
ethylene glycol production;RER;kilogram;ethylene glycol
ethylene glycol production;RoW;kilogram;ethylene glycol
forwarding, forwarder;RER;hour;forwarding, forwarder
frequency converter, for diaphragm compressor;GLO;unit;frequency converter, for diaphragm compressor
gas motor production, 206kW;RER;unit;gas motor, 206kW
gasoline production, from methanol, hydrogen from electrolysis, CO2 from DAC, economic allocation;RER;kilogram;gasoline, synthetic
gasoline production, from methanol, hydrogen from electrolysis, CO2 from DAC, energy allocation;RER;kilogram;gasoline, synthetic
gasoline production, synthetic, from methanol, hydrogen from electrolysis, CO2 from DAC, economic allocation, at fuelling station;RER;kilogram;gasoline, synthetic, vehicle grade
gasoline production, synthetic, from methanol, hydrogen from electrolysis, CO2 from DAC, energy allocation, at fuelling station;RER;kilogram;gasoline, synthetic, vehicle grade
glass fibre reinforced plastic production, polyamide, injection moulded;RER;kilogram;glass fibre reinforced plastic, polyamide, injection moulded
glass fibre reinforced plastic production, polyester resin, hand lay-up;RER;kilogram;glass fibre reinforced plastic, polyester resin, hand lay-up
graphite production;RoW;kilogram;graphite
gravel and sand quarry operation;CH;kilogram;sand
gravel production, crushed;RoW;kilogram;gravel, crushed
hardwood forestry, beech, sustainable forest management_CF = -1;DE;kilogram;wood chips, wet, measured as dry mass_CF = -1
hardwood forestry, birch, sustainable forest management_CF = -1;SE;kilogram;wood chips, wet, measured as dry mass_CF = -1
hardwood forestry, mixed species, sustainable forest management, CF = -1;CH;kilogram;hardwood forestry, mixed species, sustainable forest management, CF = -1
hardwood forestry, oak, sustainable forest management_CF = -1;DE;kilogram;wood chips, wet, measured as dry mass_CF = -1
harvesting, forestry harvester;RER;hour;harvesting, forestry harvester
heat and power co-generation, wood chips, 6667 kW, state-of-the-art 2014;DE;kilowatt hour;electricity, high voltage
heat exchanger, carbon dioxide capture process;RER;unit;heat exchanger, carbon dioxide capture process
heat production, hardwood chips from forest, at furnace 1000kW, state-of-the-art 2014;CH;megajoule;heat, district or industrial, other than natural gas
heat production, natural gas, at boiler condensing modulating >100kW;Europe without Switzerland;megajoule;heat, district or industrial, natural gas
heat production, natural gas, at industrial furnace >100kW;RoW;megajoule;heat, district or industrial, natural gas
heat production, natural gas, at industrial furnace low-NOx >100kW;Europe without Switzerland;megajoule;heat, district or industrial, natural gas
heat production, natural gas, at industrial furnace low-NOx >100kW;RoW;megajoule;heat, district or industrial, natural gas
heat, from municipal waste incineration to generic market for heat district or industrial, other than natural gas;CH;megajoule;heat, district or industrial, other than natural gas
high pressure hydrogen storage tank;GLO;kilogram;high pressure hydrogen storage tank
hot water tank, carbon dioxide capture process;RER;unit;hot water tank, carbon dioxide capture process
hydrogen peroxide production, product in 50% solution state;RER;kilogram;hydrogen peroxide, without water, in 50% solution state
infrastructure construction, for regional distribution of oil product;RER;unit;infrastructure, for regional distribution of oil product
injection moulding;RoW;kilogram;injection moulding
kraft paper production;RER;kilogram;kraft paper
lignite mine operation;RER;kilogram;lignite
lime production, milled, packed;CH;kilogram;lime, packed
liquid storage tank production, chemicals, organics;CH;unit;liquid storage tank, chemicals, organics
lithium hydroxide production;GLO;kilogram;lithium hydroxide
lubricating oil production;RoW;kilogram;lubricating oil
m-Xylene;('air', 'low population density, long-term');kilogram
m-Xylene;('air', 'non-urban air or from high stacks');kilogram
m-Xylene;('air', 'urban air close to ground');kilogram
maintenance, passenger car;RER;unit;passenger car maintenance
market for N-methyl-2-pyrrolidone;GLO;kilogram;N-methyl-2-pyrrolidone
market for NOx retained, by selective catalytic reduction;GLO;kilogram;NOx retained, by selective catalytic reduction
market for acrylic acid;RER;kilogram;acrylic acid
market for acrylic acid;RoW;kilogram;acrylic acid
market for acrylonitrile;GLO;kilogram;acrylonitrile
market for acrylonitrile-butadiene-styrene copolymer;GLO;kilogram;acrylonitrile-butadiene-styrene copolymer
market for activated carbon, granular;GLO;kilogram;activated carbon, granular
market for air compressor, screw-type compressor, 300kW;GLO;unit;air compressor, screw-type compressor, 300kW
market for aluminium alloy, AlLi;GLO;kilogram;aluminium alloy, AlLi
market for aluminium alloy, AlMg3;GLO;kilogram;aluminium alloy, AlMg3
market for aluminium casting facility;GLO;unit;aluminium casting facility
market for aluminium oxide, metallurgical;IAI Area, EU27 & EFTA;kilogram;aluminium oxide, metallurgical
market for aluminium scrap, new;RER;kilogram;aluminium scrap, new
market for aluminium, cast alloy;GLO;kilogram;aluminium, cast alloy
market for aluminium, wrought alloy;GLO;kilogram;aluminium, wrought alloy
market for ammonia, anhydrous, liquid;RER;kilogram;ammonia, anhydrous, liquid
market for ammonium bicarbonate;RER;kilogram;ammonium bicarbonate
market for ammonium sulfate;RER;kilogram;ammonium sulfate
market for anode, graphite, for lithium-ion battery;GLO;kilogram;anode, graphite, for lithium-ion battery
market for anodising, aluminium sheet;GLO;square meter;anodising, aluminium sheet
market for blasting;GLO;kilogram;blasting
market for brake wear emissions, passenger car;GLO;kilogram;brake wear emissions, passenger car
market for brass;CH;kilogram;brass
market for butadiene;RER;kilogram;butadiene
market for butyl acrylate;RoW;kilogram;butyl acrylate
market for cable, ribbon cable, 20-pin, with plugs;GLO;kilogram;cable, ribbon cable, 20-pin, with plugs
market for calcium chloride;RER;kilogram;calcium chloride
market for carbon black;GLO;kilogram;carbon black
market for carbon monoxide;RER;kilogram;carbon monoxide
market for carboxymethyl cellulose, powder;GLO;kilogram;carboxymethyl cellulose, powder
market for cast iron;GLO;kilogram;cast iron
market for casting, brass;GLO;kilogram;casting, brass
market for charger, electric passenger car;GLO;kilogram;charger, electric passenger car
market for chemical factory;GLO;kilogram;chemical factory
market for chemical factory, organics;GLO;unit;chemical factory, organics
market for chemical, organic;GLO;kilogram;chemical, organic
market for chemicals, inorganic;GLO;kilogram;chemical, inorganic
market for chromium oxide, flakes;GLO;kilogram;chromium oxide, flakes
market for cobalt;GLO;kilogram;cobalt
market for compost;GLO;kilogram;compost
market for compressed air, 1000 kPa gauge;RER;cubic meter;compressed air, 1000 kPa gauge
market for concrete block;DE;kilogram;concrete block
market for concrete, high exacting requirements;CH;cubic meter;concrete, high exacting requirements
market for concrete, normal;CH;cubic meter;concrete, normal
market for concrete, normal;RoW;cubic meter;concrete, normal
market for concrete, sole plate and foundation;CH;cubic meter;concrete, sole plate and foundation
market for converter, for electric passenger car;GLO;kilogram;converter, for electric passenger car
market for copper oxide;GLO;kilogram;copper oxide
market for copper, anode;GLO;kilogram;copper, anode
market for corrugated board box;RoW;kilogram;corrugated board box
market for cyclohexane;GLO;kilogram;cyclohexane
market for diesel, burned in building machine;GLO;megajoule;diesel, burned in building machine
market for diethanolamine;GLO;kilogram;diethanolamine
market for dimethyl sulfoxide;GLO;kilogram;dimethyl sulfoxide
market for display, liquid crystal, 17 inches;GLO;unit;display, liquid crystal, 17 inches
market for dolomite;RER;kilogram;dolomite
market for electric connector, wire clamp;GLO;kilogram;electric connector, wire clamp
market for electric motor, electric passenger car;GLO;kilogram;electric motor, electric passenger car
market for electronic component factory;GLO;unit;electronic component factory
market for electronic component, passive, unspecified;GLO;kilogram;electronic component, passive, unspecified
market for electronics, for control units;GLO;kilogram;electronics, for control units
market for epoxy resin, liquid;RER;kilogram;epoxy resin, liquid
market for ethanol, without water, in 99.7% solution state, from ethylene;RER;kilogram;ethanol, without water, in 99.7% solution state, from ethylene
market for ethylene carbonate;GLO;kilogram;ethylene carbonate
market for ethylene glycol;GLO;kilogram;ethylene glycol
market for extrusion, plastic film;GLO;kilogram;extrusion, plastic film
market for flat glass, coated;RER;kilogram;flat glass, coated
market for flat glass, uncoated;RER;kilogram;flat glass, uncoated
market for fly ash and scrubber sludge;Europe without Switzerland;kilogram;fly ash and scrubber sludge
market for gas turbine, 10MW electrical;GLO;unit;gas turbine, 10MW electrical
market for glass fibre;GLO;kilogram;glass fibre
market for glider, passenger car;GLO;kilogram;glider, passenger car
market for graphite;GLO;kilogram;graphite
market for gravel, crushed;CH;kilogram;gravel, crushed
market for gravel, crushed;RoW;kilogram;gravel, crushed
market for gypsum fibreboard;GLO;kilogram;gypsum fibreboard
market for hard coal;Europe, without Russia and Turkey;kilogram;hard coal
market for heat, central or small-scale, biomethane;Europe without Switzerland;megajoule;heat, central or small-scale, biomethane
market for heat, central or small-scale, biomethane;RoW;megajoule;heat, central or small-scale, biomethane
market for heat, central or small-scale, other than natural gas;CH;megajoule;heat, central or small-scale, other than natural gas
market for heat, district or industrial, natural gas;Europe without Switzerland;megajoule;heat, district or industrial, natural gas
market for heat, district or industrial, natural gas;RoW;megajoule;heat, district or industrial, natural gas
market for heat, district or industrial, other than natural gas;Europe without Switzerland;megajoule;heat, district or industrial, other than natural gas
market for heat, from steam, in chemical industry;RER;megajoule;heat, from steam, in chemical industry
market for heat, from steam, in chemical industry;RoW;megajoule;heat, from steam, in chemical industry
market for heat, future;GLO;megajoule;heat, future
market for hexane;GLO;kilogram;hexane
market for hydrochloric acid, without water, in 30% solution state;RER;kilogram;hydrochloric acid, without water, in 30% solution state
market for hydrogen, liquid;RER;kilogram;hydrogen, liquid
market for injection moulding;GLO;kilogram;injection moulding
market for integrated circuit, logic type;GLO;kilogram;integrated circuit, logic type
market for internal combustion engine, passenger car;GLO;kilogram;internal combustion engine, for passenger car
market for inverter, for electric passenger car;GLO;kilogram;inverter, for electric passenger car
market for iodine;GLO;kilogram;iodine
market for iron sulfate;RoW;kilogram;iron sulfate
market for light fuel oil;RoW;kilogram;light fuel oil
market for liquid storage tank, chemicals, organics;GLO;unit;liquid storage tank, chemicals, organics
market for lithium carbonate;GLO;kilogram;lithium carbonate
market for lithium hexafluorophosphate;GLO;kilogram;lithium hexafluorophosphate
market for lithium hydroxide;GLO;kilogram;lithium hydroxide
market for lubricating oil;RER;kilogram;lubricating oil
market for lubricating oil;RoW;kilogram;lubricating oil
market for magnesium oxide;GLO;kilogram;magnesium oxide
market for magnesium sulfate;GLO;kilogram;magnesium sulfate
market for maize seed, for sowing;GLO;kilogram;maize seed, for sowing
market for manganese sulfate;GLO;kilogram;manganese sulfate
market for manual dismantling of used electric passenger car;GLO;unit;manual dismantling of used electric passenger car
market for manual dismantling of used passenger car with internal combustion engine;GLO;unit;manual dismantling of used passenger car with internal combustion engine
market for metal working factory;GLO;unit;metal working factory
market for metal working, average for aluminium product manufacturing;GLO;kilogram;metal working, average for aluminium product manufacturing
market for metal working, average for chromium steel product manufacturing;GLO;kilogram;metal working, average for chromium steel product manufacturing
market for metal working, average for copper product manufacturing;GLO;kilogram;metal working, average for copper product manufacturing
market for metal working, average for metal product manufacturing;GLO;kilogram;metal working, average for metal product manufacturing
market for metal working, average for steel product manufacturing;GLO;kilogram;metal working, average for steel product manufacturing
market for methanol;GLO;kilogram;methanol
market for methyl acrylate;GLO;kilogram;methyl acrylate
market for molybdenum trioxide;GLO;kilogram;molybdenum trioxide
market for monoethanolamine;GLO;kilogram;monoethanolamine
market for municipal solid waste;CH;kilogram;municipal solid waste
market for municipal solid waste;RoW;kilogram;municipal solid waste
market for natural gas service station;GLO;unit;natural gas service station
market for natural gas, high pressure, vehicle grade;GLO;kilogram;natural gas, high pressure, vehicle grade
market for natural gas, medium pressure, vehicle grade;GLO;kilogram;natural gas, medium pressure, vehicle grade
market for nickel sulfate;GLO;kilogram;nickel sulfate
market for nickel, class 1;GLO;kilogram;nickel, class 1
market for nitrogen, liquid;RoW;kilogram;nitrogen, liquid
market for nylon 6;RoW;kilogram;nylon 6
market for nylon 6-6, glass-filled;RoW;kilogram;nylon 6-6, glass-filled
market for packaging film, low density polyethylene;GLO;kilogram;packaging film, low density polyethylene
market for pesticide, unspecified;GLO;kilogram;pesticide, unspecified
market for petrol, low-sulfur;Europe without Switzerland;kilogram;petrol, low-sulfur
market for phenolic resin;RER;kilogram;phenolic resin
market for phosphoric acid, industrial grade, without water, in 85% solution state;GLO;kilogram;phosphoric acid, industrial grade, without water, in 85% solution state
market for plastic processing factory;GLO;unit;plastic processing factory
market for platinum;GLO;kilogram;platinum
market for polyethylene terephthalate, granulate, amorphous;GLO;kilogram;polyethylene terephthalate, granulate, amorphous
market for polyethylene, high density, granulate;GLO;kilogram;polyethylene, high density, granulate
market for polyethylene, low density, granulate;GLO;kilogram;polyethylene, low density, granulate
market for polyphenylene sulfide;GLO;kilogram;polyphenylene sulfide
market for polypropylene, granulate;GLO;kilogram;polypropylene, granulate
market for polyurethane, flexible foam;RER;kilogram;polyurethane, flexible foam
market for polyvinylchloride, suspension polymerised;GLO;kilogram;polyvinylchloride, suspension polymerised
market for polyvinylfluoride;GLO;kilogram;polyvinylfluoride
market for portafer;GLO;kilogram;portafer
market for potassium hydroxide;GLO;kilogram;potassium hydroxide
market for potassium permanganate;GLO;kilogram;potassium permanganate
market for potassium sulfate;RER;kilogram;potassium sulfate
market for power distribution unit, for electric passenger car;GLO;kilogram;power distribution unit, for electric passenger car
market for precious metal refinery;GLO;unit;precious metal refinery
market for printed wiring board, through-hole mounted, unspecified, Pb free;GLO;kilogram;printed wiring board, through-hole mounted, unspecified, Pb free
market for quicklime, milled, packed;RER;kilogram;quicklime, milled, packed
market for rainwater mineral oil storage;Europe without Switzerland;cubic meter;rainwater mineral oil storage
market for rape seed;GLO;kilogram;rape seed
market for refrigerant R134a;GLO;kilogram;refrigerant R134a
market for reinforcing steel;GLO;kilogram;reinforcing steel
market for road;GLO;meter-year;road
market for road maintenance;RER;meter-year;road maintenance
market for road wear emissions, passenger car;GLO;kilogram;road wear emissions, passenger car
market for sheet rolling, aluminium;GLO;kilogram;sheet rolling, aluminium
market for sheet rolling, chromium steel;GLO;kilogram;sheet rolling, chromium steel
market for sheet rolling, copper;GLO;kilogram;sheet rolling, copper
market for sheet rolling, steel;GLO;kilogram;sheet rolling, steel
market for silica sand;GLO;kilogram;silica sand
market for silicon, electronics grade;GLO;kilogram;silicon, electronics grade
market for silicone product;RER;kilogram;silicone product
market for soap;GLO;kilogram;soap
market for soda ash, light, crystalline, heptahydrate;GLO;kilogram;soda ash, light, crystalline, heptahydrate
market for sodium chloride, powder;GLO;kilogram;sodium chloride, powder
market for sodium hydroxide, without water, in 50% solution state;GLO;kilogram;sodium hydroxide, without water, in 50% solution state
market for sodium methoxide;GLO;kilogram;sodium methoxide
market for sodium persulfate;GLO;kilogram;sodium persulfate
market for soil pH raising agent, as CaCO3;GLO;kilogram;soil pH raising agent, as CaCO3
market for steam, in chemical industry;RER;kilogram;steam, in chemical industry
market for steel, chromium steel 18/8;World;kilogram;steel, chromium steel 18/8
market for steel, chromium steel 18/8, hot rolled;GLO;kilogram;steel, chromium steel 18/8, hot rolled
market for steel, low-alloyed;World;kilogram;steel, low-alloyed
market for steel, low-alloyed, hot rolled;GLO;kilogram;steel, low-alloyed, hot rolled
market for steel, unalloyed;World;kilogram;steel, unalloyed
market for stone wool, packed;GLO;kilogram;stone wool, packed
market for styrene;GLO;kilogram;styrene
market for styrene butadiene rubber (SBR);RER;kilogram;styrene butadiene rubber (SBR)
market for sugar beet seed, for sowing;GLO;kilogram;sugar beet seed, for sowing
market for sulfur dioxide, liquid;RER;kilogram;sulfur dioxide, liquid
market for sulfur hexafluoride, liquid;RER;kilogram;sulfur hexafluoride, liquid
market for sulfuric acid;RER;kilogram;sulfuric acid
market for synthetic rubber;GLO;kilogram;synthetic rubber
market for tap water;CH;kilogram;tap water
market for tap water;Europe without Switzerland;kilogram;tap water
market for tap water;RoW;kilogram;tap water
market for thermoforming, with calendering;GLO;kilogram;thermoforming, with calendering
market for tin;GLO;kilogram;tin
market for titanium dioxide;RER;kilogram;titanium dioxide
market for titanium dioxide;RoW;kilogram;titanium dioxide
market for transformer, high voltage use;GLO;kilogram;transformer, high voltage use
market for transport, freight train;Europe without Switzerland;ton kilometer;transport, freight train
market for transport, freight, inland waterways, barge;RER;ton kilometer;transport, freight, inland waterways, barge
market for transport, freight, sea, tanker for liquid goods other than petroleum and liquefied natural gas;GLO;ton kilometer;transport, freight, sea, tanker for liquid goods other than petroleum and liquefied natural gas
market for transport, freight, sea, tanker for petroleum;GLO;ton kilometer;transport, freight, sea, tanker for petroleum
market for transport, helicopter;GLO;hour;transport, helicopter
market for transport, pipeline, onshore, petroleum;RER;ton kilometer;transport, pipeline, onshore, petroleum
market for tyre wear emissions, passenger car;GLO;kilogram;tyre wear emissions, passenger car
market for urea;RER;kilogram;urea
market for used Li-ion battery;GLO;kilogram;used Li-ion battery
market for used powertrain from electric passenger car, manual dismantling;GLO;kilogram;used powertrain from electric passenger car, manual dismantling
market for used vegetable cooking oil;GLO;kilogram;used vegetable cooking oil
market for waste concrete;RoW;kilogram;waste concrete
market for waste plastic, industrial electronics;RoW;kilogram;waste plastic, industrial electronics
market for waste rubber, unspecified;RoW;kilogram;waste rubber, unspecified
market for water, completely softened;RER;kilogram;water, completely softened
market for water, decarbonised;CH;kilogram;water, decarbonised
market for water, decarbonised;DE;kilogram;water, decarbonised
market for water, decarbonised;RoW;kilogram;water, decarbonised
market for water, deionised;CH;kilogram;water, deionised
market for water, deionised;Europe without Switzerland;kilogram;water, deionised
market for water, deionised;RoW;kilogram;water, deionised
market for water, ultrapure;RoW;kilogram;water, ultrapure
market for welding, arc, steel;GLO;meter;welding, arc, steel
market for wheat seed, for sowing;GLO;kilogram;wheat seed, for sowing
market for wood chips, wet, measured as dry mass, CF = -1;CH;kilogram;wood chips, wet, measured as dry mass, CF = -1
market for wood chips, wet, measured as dry mass, CF = -1;DE;kilogram;wood chips, wet, measured as dry mass, CF = -1
market for wood chips, wet, measured as dry mass, CF = -1;Europe without Switzerland;kilogram;wood chips, wet, measured as dry mass, CF = -1
market for wood chips, wet, measured as dry mass, CF = -1;SE;kilogram;wood chips, wet, measured as dry mass, CF = -1
market for zeolite, powder;GLO;kilogram;zeolite, powder
market for zinc oxide;GLO;kilogram;zinc oxide
market group for diesel;RER;kilogram;diesel
market group for diesel, low-sulfur;RER;kilogram;diesel, low-sulfur
market group for electricity, high voltage;EUR;kilowatt hour;electricity, high voltage
market group for electricity, low voltage;EUR;kilowatt hour;electricity, low voltage
market group for electricity, low voltage;Europe without Switzerland;kilowatt hour;electricity, low voltage
market group for electricity, low voltage;World;kilowatt hour;electricity, low voltage
market group for electricity, medium voltage;EUR;kilowatt hour;electricity, medium voltage
market group for electricity, medium voltage;Europe without Switzerland;kilowatt hour;electricity, medium voltage
market group for electricity, medium voltage;World;kilowatt hour;electricity, medium voltage
market group for heat, central or small-scale, natural gas;RER;megajoule;heat, central or small-scale, natural gas
market group for inorganic nitrogen fertiliser, as N;RER;kilogram;inorganic nitrogen fertiliser, as N
market group for inorganic phosphorus fertiliser, as P2O5;RER;kilogram;inorganic phosphorus fertiliser, as P2O5
market group for inorganic potassium fertiliser, as K2O;RER;kilogram;inorganic potassium fertiliser, as K2O
market group for light fuel oil;RER;kilogram;light fuel oil
market group for natural gas, high pressure;Europe without Switzerland;cubic meter;natural gas, high pressure
metal coating facility construction;RoW;unit;metal coating facility
metal working, average for aluminium product manufacturing;RoW;kilogram;metal working, average for aluminium product manufacturing
metal working, average for chromium steel product manufacturing;RER;kilogram;metal working, average for chromium steel product manufacturing
metal working, average for chromium steel product manufacturing;RoW;kilogram;metal working, average for chromium steel product manufacturing
methanol distillation, hydrogen from electrolysis, CO2 from DAC;RER;kilogram;methanol, purified
methanol production facility, construction;RER;unit;methanol production facility, construction
methanol synthesis, hydrogen from electrolysis, CO2 from DAC;RER;kilogram;methanol, unpurified
nickel mine operation and benefication to nickel concentrate, 7% Ni;CN;kilogram;nickel concentrate, 7% Ni
nitric acid production, product in 50% solution state;RER w/o RU;kilogram;nitric acid, without water, in 50% solution state
noise, octave 1, day time, rural;('octave 1', 'day time', 'rural');joule
noise, octave 1, day time, suburban;('octave 1', 'day time', 'suburban');joule
noise, octave 1, day time, urban;('octave 1', 'day time', 'urban');joule
noise, octave 2, day time, rural;('octave 2', 'day time', 'rural');joule
noise, octave 2, day time, suburban;('octave 2', 'day time', 'suburban');joule
noise, octave 2, day time, urban;('octave 2', 'day time', 'urban');joule
noise, octave 3, day time, rural;('octave 3', 'day time', 'rural');joule
noise, octave 3, day time, suburban;('octave 3', 'day time', 'suburban');joule
noise, octave 3, day time, urban;('octave 3', 'day time', 'urban');joule
noise, octave 4, day time, rural;('octave 4', 'day time', 'rural');joule
noise, octave 4, day time, suburban;('octave 4', 'day time', 'suburban');joule
noise, octave 4, day time, urban;('octave 4', 'day time', 'urban');joule
noise, octave 5, day time, rural;('octave 5', 'day time', 'rural');joule
noise, octave 5, day time, suburban;('octave 5', 'day time', 'suburban');joule
noise, octave 5, day time, urban;('octave 5', 'day time', 'urban');joule
noise, octave 6, day time, rural;('octave 6', 'day time', 'rural');joule
noise, octave 6, day time, suburban;('octave 6', 'day time', 'suburban');joule
noise, octave 6, day time, urban;('octave 6', 'day time', 'urban');joule
noise, octave 7, day time, rural;('octave 7', 'day time', 'rural');joule
noise, octave 7, day time, suburban;('octave 7', 'day time', 'suburban');joule
noise, octave 7, day time, urban;('octave 7', 'day time', 'urban');joule
noise, octave 8, day time, rural;('octave 8', 'day time', 'rural');joule
noise, octave 8, day time, suburban;('octave 8', 'day time', 'suburban');joule
noise, octave 8, day time, urban;('octave 8', 'day time', 'urban');joule
o-Xylene;('air', 'low population density, long-term');kilogram
o-Xylene;('air', 'non-urban air or from high stacks');kilogram
o-Xylene;('air', 'urban air close to ground');kilogram
operation, computer, desktop, with liquid crystal display, active mode;CH;hour;operation, computer, desktop, with liquid crystal display, active mode
phenolic resin production;RoW;kilogram;phenolic resin
pipeline construction, natural gas, high pressure distribution network;Europe without Switzerland;kilometer;pipeline, natural gas, high pressure distribution network
pipeline construction, natural gas, high pressure distribution network;RoW;kilometer;pipeline, natural gas, high pressure distribution network
pipeline, supercritical CO2/km;RER;kilometer;pipeline, supercritical CO2/km
polyethylene production, high density, granulate;RER;kilogram;polyethylene, high density, granulate
polyethylene production, low density, granulate;RoW;kilogram;polyethylene, low density, granulate
polyvinylchloride production, bulk polymerisation;RER;kilogram;polyvinylchloride, bulk polymerised
power sawing, without catalytic converter;RER;hour;power sawing, without catalytic converter
production of 2 wt-% potassium iodide solution;RER;kilogram;production of 2 wt-% potassium iodide solution
production of nickle-based catalyst for methanation;RER;kilogram;production of nickle-based catalyst for methanation
pump production, 40W;CH;unit;pump, 40W
pumps, carbon dioxide capture process;RER;unit;pumps, carbon dioxide capture process
reinforcing steel production;Europe without Austria;kilogram;reinforcing steel
router, internet;CH;unit;router, internet
sheet rolling, aluminium;RoW;kilogram;sheet rolling, aluminium
sheet rolling, chromium steel;RoW;kilogram;sheet rolling, chromium steel
sheet rolling, steel;RoW;kilogram;sheet rolling, steel
skidding, skidder;RER;hour;skidding, skidder
smelting of copper concentrate, sulfide ore;RoW;kilogram;copper, anode
softwood forestry, mixed species, sustainable forest management, CF = -1;CH;kilogram;softwood forestry, mixed species, sustainable forest management, CF = -1
softwood forestry, pine, sustainable forest management_CF = -1;DE;kilogram;wood chips, wet, measured as dry mass_CF = -1
softwood forestry, pine, sustainable forest management_CF = -1;SE;kilogram;wood chips, wet, measured as dry mass_CF = -1
softwood forestry, spruce, sustainable forest management_CF = -1;DE;kilogram;wood chips, wet, measured as dry mass_CF = -1
softwood forestry, spruce, sustainable forest management_CF = -1;SE;kilogram;wood chips, wet, measured as dry mass_CF = -1
steam production, as energy carrier, in chemical industry;RoW;megajoule;heat, from steam, in chemical industry
steel production, chromium steel 18/8, hot rolled;RoW;kilogram;steel, chromium steel 18/8, hot rolled
steel production, converter, low-alloyed;EUR;kilogram;steel, low-alloyed
steel production, electric, low-alloyed;EUR;kilogram;steel, low-alloyed
straw pellets;RER;megajoule;straw pellets
sulfuric acid production;RoW;kilogram;sulfuric acid
synthetic gas factory construction;CH;unit;synthetic gas factory
synthetic gas factory construction;RoW;unit;synthetic gas factory
synthetic rubber production;RER;kilogram;synthetic rubber
tetrafluoroethylene production;RoW;kilogram;tetrafluoroethylene
tin production;RoW;kilogram;tin
transformer and rectifier unit, for electrolyzer;GLO;unit;transformer and rectifier unit, for electrolyzer
transmission network construction, electricity, high voltage;CH;kilometer;transmission network, electricity, high voltage
transmission network construction, electricity, medium voltage;CH;kilometer;transmission network, electricity, medium voltage
transmission network construction, long-distance;UCTE;kilometer;transmission network, long-distance
transport, freight train, diesel, with particle filter;CH;ton kilometer;transport, freight train
transport, freight, inland waterways, barge;RER;ton kilometer;transport, freight, inland waterways, barge
transport, freight, lorry, fleet average;EUR;ton kilometer;transport, freight, lorry, fleet average
transport, freight, lorry, fleet average, 26t;EUR;ton kilometer;transport, freight, lorry, fleet average
transport, freight, lorry, fleet average, 26t;World;ton kilometer;transport, freight, lorry, fleet average
transport, freight, lorry, fleet average, 40t;EUR;ton kilometer;transport, freight, lorry, fleet average
transport, freight, lorry, fleet average, 40t;World;ton kilometer;transport, freight, lorry, fleet average
transport, helicopter;GLO;hour;transport, helicopter
transport, helicopter, LTO cycle;GLO;unit;transport, helicopter, LTO cycle
transport, pipeline, supercritical CO2, 200km w recompression;RER;ton kilometer;transport, pipeline, supercritical CO2, 200km w recompression
transport, pipeline, supercritical CO2, 200km w/o recompression;RER;ton kilometer;transport, pipeline, supercritical CO2, 200km w/o recompression
treatment of biowaste by anaerobic digestion, with biogenic carbon uptake, lower bound C sequestration, digestate incineration;CH;cubic meter;biogas
treatment of drilling waste, landfarming;CH;kilogram;drilling waste
treatment of drilling waste, residual material landfill;CH;kilogram;drilling waste
treatment of hard coal ash, residual material landfill;DE;kilogram;hard coal ash
treatment of hazardous waste, hazardous waste incineration;CH;kilogram;hazardous waste, for incineration
treatment of hazardous waste, hazardous waste incineration;RoW;kilogram;hazardous waste, for incineration
treatment of inert waste, inert material landfill;CH;kilogram;inert waste, for final disposal
treatment of municipal solid waste, incineration;DE;kilowatt hour;electricity, for reuse in municipal waste incineration only
treatment of scrap steel, inert material landfill;CH;kilogram;scrap steel
treatment of sewage sludge by anaerobic digestion;CH;cubic meter;biogas
treatment of spent anion exchange resin from potable water production, municipal incineration;RoW;kilogram;spent anion exchange resin from potable water production
treatment of waste bulk iron, excluding reinforcement, sorting plant;Europe without Switzerland;kilogram;waste bulk iron, excluding reinforcement
treatment of waste gypsum, inert material landfill;Europe without Switzerland;kilogram;waste gypsum
treatment of waste mineral oil, hazardous waste incineration;RoW;kilogram;waste mineral oil
treatment of waste mineral wool, inert material landfill;CH;kilogram;waste mineral wool, for final disposal
treatment of waste reinforced concrete, collection for final disposal;Europe without Switzerland;kilogram;waste reinforced concrete
treatment of wastewater, average, capacity 1E9l/year;CH;cubic meter;wastewater, average
treatment of wastewater, average, capacity 1E9l/year;Europe without Switzerland;cubic meter;wastewater, average
treatment of wastewater, from residence, capacity 1.1E10l/year;RoW;cubic meter;wastewater, from residence
treatment of wastewater, unpolluted, capacity 5E9l/year;RoW;cubic meter;wastewater, unpolluted
treatment of wood ash mixture, pure, municipal incineration;CH;kilogram;wood ash mixture, pure
treatment of wood ash mixture, pure, municipal incineration;Europe without Switzerland;kilogram;wood ash mixture, pure
tree seedling production, in heated greenhouse;RER;unit;tree seedling, for planting
tree seedling production, in unheated greenhouse;RER;unit;tree seedling, for planting
tube insulation production, elastomere;RoW;kilogram;tube insulation, elastomere
water production, deionised;Europe without Switzerland;kilogram;water, deionised
wire drawing, copper;RoW;kilogram;wire drawing, copper
wiring and tubing, carbon dioxide capture process;RER;unit;wiring and tubing, carbon dioxide capture process
wood chipping, mobile chipper, at forest road;RER;hour;wood chipping, chipper, mobile, diesel, at forest road
wood chipping, terrain chipper, diesel;RER;hour;wood chipping, forwarder with terrain chipper, in forest
woodchips from forestry residues;RER;megajoule;woodchips from forestry residues
yarding and processing, mobile cable yarder on truck;RER;hour;cable yarding
yarding, mobile cable yarder on trailer;RER;hour;cable yarding
yarding, sled yarder;RER;hour;cable yarding
